ADDRESS_ID,ADDRESS_Line,ADDRESS_City,ADDRESS_State/Prov,ADDRESS_Country
1,09 Stone Corner Point,Anhai,,China
2,47 Maple Wood Lane,Sangba,,China
3,67703 Ohio Avenue,Wanshi,,China
4,089 Coleman Trail,Hongqi,,China
5,792 Sommers Plaza,Mafang,,China
6,8 Anthes Avenue,Erling,,China
7,0 Elmside Plaza,Baisha,,China
8,75737 Rutledge Junction,Jiangcun,,China
9,34 Reindahl Terrace,Renliu,,China
10,8693 Clemons Way,Hongyanxi,,China
11,3265 Charing Cross Place,Mingfeng,,China
12,30001 Chive Court,Touying,,China
13,0370 Scofield Plaza,Hechuan,,China
14,4458 Arkansas Crossing,Wenping,,China
15,7 Johnson Hill,Chelu,,China
16,795 Sommers Park,Magang,,China
17,05332 Thackeray Avenue,Yankou,,China
18,455 Cascade Hill,Huangdu,,China
19,22502 Dennis Point,Xichehe,,China
20,74 Butternut Place,Zhangping,,China
21,52 Hanover Hill,Beixin,,China
22,92 Hanover Junction,San Jose,CA,United States
23,84703 Red Cloud Way,Geji,,China
24,913 Russell Road,Liangshan,,China
25,6 North Way,Shashi,,China
26,948 Jackson Circle,Meiyuan,,China
27,60825 Rowland Crossing,Zhongbu,,China
28,3 Novick Street,Largo,FL,United States
29,91 John Wall Way,Yujia’ao,,China
30,62943 Dovetail Drive,Ercheng,,China
31,22 Oak Valley Circle,Jianchang,,China
32,25 Mifflin Circle,Kaoshan,,China
33,0 Anderson Road,Fushui,,China
34,20 Jackson Way,Hanjia,,China
35,2695 Farragut Terrace,Tehetu,,China
36,742 Schurz Point,Qingban,,China
37,954 Commercial Parkway,Tufang,,China
38,8410 Hanson Hill,Lezhu,,China
39,69 Hanson Park,Washington,DC,United States
40,3 Victoria Crossing,Nanhai,,China
41,77090 International Parkway,Nizui,,China
42,6718 Pierstorff Pass,Andou,,China
43,26 Vermont Center,Mugan,,China
44,9034 Dennis Terrace,Dongbian,,China
45,6907 Washington Street,Xinzhai,,China
46,4834 Sunnyside Lane,Huangbei,,China
47,8183 Artisan Trail,Qingsong,,China
48,20 Roxbury Junction,Wanshan,,China
49,2 Mifflin Circle,Salinas,CA,United States
50,6 Granby Parkway,Xushuguan,,China
51,06978 Huxley Crossing,Wanying,,China
52,6198 Brown Way,Yuzhai,,China
53,12 Debs Road,Jiashi,,China
54,3914 Anderson Trail,Yunxiang,,China
55,26 Buena Vista Hill,Wuyun,,China
56,40 Wayridge Crossing,New Brunswick,NJ,United States
57,152 Waywood Alley,Camgyai,,China
58,9851 Melody Drive,Jinjia,,China
59,0053 Mandrake Road,Tongli,,China
60,1 Oakridge Avenue,Jacksonville,FL,United States
61,25297 Pawling Park,Tianya,,China
62,95006 Prairie Rose Hill,Des Moines,IA,United States
63,6 Northwestern Alley,Longzhong,,China
64,95243 Harbort Street,Nanmu,,China
65,33149 Packers Drive,Xianlong,,China
66,265 Lukken Street,Shanjie,,China
67,5 Farmco Lane,Saint Petersburg,FL,United States
68,6309 Ilene Parkway,Haiyang,,China
69,2 Basil Junction,Tianhu,,China
70,0479 Corry Road,Nantang,,China
71,79630 Colorado Trail,Gongrong,,China
72,71759 Farmco Crossing,Tianhekou,,China
73,0621 Service Pass,Huazhaizi,,China
74,35372 Portage Point,Yangqiao,,China
75,91891 Anhalt Crossing,Jishui,,China
76,2 Sugar Plaza,Dougou,,China
77,73 Anderson Place,Cincinnati,OH,United States
78,9 Pleasure Alley,Xiachen,,China
79,85 Duke Trail,Huaqiu,,China
80,748 Pearson Drive,Songshan,,China
81,20089 East Avenue,Sanmiaoqian,,China
82,516 Arkansas Crossing,Huashi,,China
83,485 Barby Park,Mazhonghe,,China
84,151 Eagan Plaza,Xinjiezi,,China
85,3644 Kropf Place,Huamu,,China
86,4489 Longview Point,Dingtao,,China
87,0 Rusk Road,Meijiang,,China
88,26271 Village Court,Anren Chengguanzhen,,China
89,23909 Eastwood Avenue,Huayuan,,China
90,3980 Gateway Alley,Acheng,,China
91,04 Schurz Point,Shagedu,,China
92,5 Cody Lane,Xuedian,,China
93,13 Lunder Parkway,Xipu,,China
94,9799 Oxford Lane,Wenqiao,,China
95,4 Di Loreto Trail,Luci,,China
96,53 Fairfield Hill,Yangfeng,,China
97,454 Cordelia Lane,Rixinhe,,China
98,005 Moulton Drive,Liangcunchang,,China
99,87 Lakeland Alley,Wangzuo,,China
100,231 Anthes Way,Jincheng,,China
101,3064 Tennyson Way,Jiaze,,China
102,242 Dorton Point,Zhouling,,China
103,261 Oakridge Center,Dongyuan,,China
104,2 Knutson Point,Sacramento,CA,United States
105,0044 Kim Plaza,Xilanqi,,China
106,2 Pierstorff Drive,Da’anshan,,China
107,629 Jana Hill,Altan Emel,,China
108,62 Larry Road,Jinghong,,China
109,55562 Golden Leaf Hill,San Antonio,TX,United States
110,07278 Division Trail,Shuanghejiedao,,China
111,5 Butterfield Street,Pingshanhu,,China
112,215 Macpherson Center,Anqing,,China
113,97528 Erie Court,Shikeng,,China
114,775 Iowa Lane,Chahe,,China
115,130 Spohn Parkway,Haikoudajie,,China
116,4 Mesta Alley,Hankazi,,China
117,16158 Lake View Junction,Jixing,,China
118,15 Northwestern Circle,Bajingzi,,China
119,57932 Canary Place,Yuanping,,China
120,4139 Hayes Alley,Leijiadian,,China
121,3 Armistice Street,Jiangfang,,China
122,3709 Farmco Way,Guangshan,,China
123,84305 Reindahl Plaza,Cuihuangkou,,China
124,99410 Northfield Avenue,Suncun,,China
125,9 Northland Parkway,Wilkes Barre,PA,United States
126,79096 Mariners Cove Trail,Sishiba,,China
127,6 Armistice Circle,Antang,,China
128,31 Anthes Way,Daixi,,China
129,92574 Village Green Hill,Pingdingshan,,China
130,880 Onsgard Park,Fujiayan,,China
131,01918 Porter Terrace,Baimaqiao,,China
132,7560 Quincy Trail,Wujia,,China
133,95526 Pankratz Alley,Songping,,China
134,7297 Brentwood Terrace,Xinqiao,,China
135,658 Miller Trail,Yongxing Chengguanzhen,,China
136,2426 Old Shore Terrace,Guicheng,,China
137,812 Victoria Court,Huilong,,China
138,9 Green Lane,Penghu,,China
139,2 Kensington Point,Gangnan,,China
140,83 6th Circle,Portland,OR,United States
141,68578 Glacier Hill Trail,Jingzhu,,China
142,29539 Toban Trail,Shichuan,,China
143,925 Meadow Valley Road,Tayuan,,China
144,95 Merchant Way,Lakeland,FL,United States
145,6 Mccormick Terrace,Shicheng,,China
146,159 Algoma Lane,Shaxi,,China
147,2522 Kipling Circle,Houston,TX,United States
148,1 Kipling Junction,Zhangjiayuan,,China
149,76427 Arapahoe Lane,Xuyong,,China
150,6187 1st Lane,Pittsburgh,PA,United States
151,4 Main Center,Bobai,,China
152,4 Park Meadow Place,Guyi,,China
153,9 5th Crossing,Changlin,,China
154,8 Acker Avenue,Lubei,,China
155,1 Buhler Terrace,Fuzhou,,China
156,2 Melby Way,Shigutang,,China
157,3 Swallow Lane,Stamford,CT,United States
158,46372 Rusk Trail,Yujin,,China
159,1 Lakewood Gardens Place,Hengjie,,China
160,45379 Dawn Pass,Yonkers,NY,United States
161,510 Vera Circle,Mushu,,China
162,0 Mosinee Lane,Panshi,,China
163,951 Elmside Center,Xiaxindian,,China
164,50 Eastlawn Place,Shuigou,,China
165,83253 Northridge Trail,Jiazi,,China
166,4 Melrose Street,Lianpeng,,China
167,00078 Orin Crossing,Gaocheng,,China
168,68972 Tony Road,Qujiang,,China
169,52 La Follette Way,Langzhong,,China
170,0464 Main Way,Ziliang,,China
171,99 Warner Avenue,Chengyang,,China
172,967 Talmadge Crossing,Jiujie,,China
173,738 North Pass,Mengcheng Chengguanzhen,,China
174,45915 Parkside Hill,Lubei,,China
175,9 Elgar Junction,Tampa,FL,United States
176,31025 Northland Place,Lirang,,China
177,3450 Victoria Pass,Buffalo,NY,United States
178,79361 Sauthoff Court,Xiguantun Muguzu Manzuxiang,,China
179,7 Pepper Wood Street,Honglu,,China
180,259 Eastlawn Avenue,Rochester,NY,United States
181,4579 Bowman Court,Jugezhuang,,China
182,8547 Aberg Street,Dugu,,China
183,9232 Debra Court,Wan’an,,China
184,95875 Riverside Circle,Wujian,,China
185,3 Jenna Lane,Zhonggongmiao,,China
186,3 Del Mar Street,Yujiao,,China
187,59 Packers Park,Peishe,,China
188,4184 Golf Course Plaza,Kuidou,,China
189,0 Bellgrove Road,Pozhang,,China
190,2698 Leroy Street,Tanshan,,China
191,923 Northfield Plaza,Orlando,FL,United States
192,86 Killdeer Terrace,Sangongqiao,,China
193,2793 Meadow Ridge Alley,Qinglung,,China
194,62875 Logan Center,Wu’erbu Baolige,,China
195,6 Fulton Center,Huangchen,,China
196,3237 8th Road,Baimangpu,,China
197,49 Esch Plaza,Changzhi,,China
198,17358 Arkansas Crossing,Jinshan,,China
199,5968 Melvin Trail,Erling,,China
200,492 Macpherson Road,Xinmin,,China
