PEOPLE_ID,PEOPLE_FName,PEOPLE_Initial,PEOPLE_LName,PEOPLE_DOB,PEOPLE_Email,PEOPLE_Gender
1,Miltie,Z,Kristoffersen,5/27/1949,mkristoffersen0@blinklist.com,M
2,Allin,G,Swyn,11/11/1986,aswyn1@phoca.cz,M
3,Donnell,R,Woolard,8/22/1937,dwoolard2@columbia.edu,M
4,Skelly,S,Brooking,2/20/1957,sbrooking3@yelp.com,M
5,Cullen,Z,Gianuzzi,2/19/1985,cgianuzzi4@youtube.com,F
6,Courtney,G,Boolsen,5/19/1974,cboolsen5@usnews.com,F
7,Connie,X,Mounsie,4/23/1937,cmounsie6@elpais.com,F
8,Stefano,B,Sieghard,9/2/1949,ssieghard7@ycombinator.com,M
9,Freeman,K,Abriani,3/11/1983,fabriani8@unesco.org,F
10,Tobe,N,Saddler,11/8/1989,tsaddler9@about.com,M
11,Fletch,S,Tineman,9/21/1951,ftinemana@angelfire.com,F
12,Madison,C,Dupoy,12/11/1961,mdupoyb@cisco.com,F
13,Leslie,U,Munslow,6/11/1952,lmunslowc@tinyurl.com,F
14,Donaugh,G,Dewey,6/29/1960,ddeweyd@spotify.com,M
15,Mylo,J,Melmeth,8/23/1995,mmelmethe@redcross.org,M
16,Saunder,K,Samett,1/27/1975,ssamettf@furl.net,M
17,Sigismund,C,Rodenborch,3/3/1946,srodenborchg@geocities.com,F
18,Salim,J,Curnick,6/13/1935,scurnickh@dedecms.com,M
19,Jarib,U,Nagle,7/2/1989,jnaglei@google.ru,F
20,Ingmar,I,Hirjak,9/15/1940,ihirjakj@latimes.com,M
21,Adham,U,Torrie,4/13/1940,atorriek@histats.com,M
22,Terri,L,Gasnell,9/5/1943,tgasnelll@paginegialle.it,M
23,Bronnie,C,Cottie,5/14/1997,bcottiem@hp.com,M
24,Dougy,E,Hambrick,9/10/1941,dhambrickn@e-recht24.de,F
25,Leonardo,Y,Harron,3/3/1965,lharrono@ocn.ne.jp,F
26,Clywd,T,Thoresbie,11/6/1947,cthoresbiep@amazon.co.uk,M
27,Arnuad,U,Hardwicke,3/23/1981,ahardwickeq@themeforest.net,F
28,Ivor,K,Weekley,9/26/1969,iweekleyr@google.cn,F
29,Xymenes,M,Pirolini,6/24/1962,xpirolinis@bbb.org,F
30,Burty,H,Cruise,4/12/1937,bcruiset@shareasale.com,M
31,Aldric,G,Howieson,10/8/1944,ahowiesonu@yahoo.co.jp,F
32,Hugues,Z,Jentle,3/10/1938,hjentlev@weibo.com,F
33,Gianni,O,Roddick,8/6/1979,groddickw@mysql.com,M
34,Vaughan,D,Okker,6/10/1993,vokkerx@cbslocal.com,M
35,Davidde,Y,Newman,3/13/1982,dnewmany@twitpic.com,M
36,Mohandis,O,Robinette,12/21/1989,mrobinettez@nhs.uk,M
37,Merill,W,Hambrick,10/8/1953,mhambrick10@guardian.co.uk,M
38,Giacopo,E,Barz,5/27/1973,gbarz11@ca.gov,F
39,Bruno,O,Haldin,3/13/1952,bhaldin12@people.com.cn,M
40,Jamie,U,Faust,9/6/1966,jfaust13@nsw.gov.au,F
41,Murdoch,Y,Bullcock,7/9/1996,mbullcock14@hp.com,F
42,Morris,O,Jepson,8/14/1951,mjepson15@hud.gov,M
43,Gram,S,Lubomirski,2/18/1986,glubomirski16@cloudflare.com,M
44,Emanuel,E,Ingreda,9/24/1940,eingreda17@weather.com,F
45,Bertie,T,Jedrzejczyk,3/1/1952,bjedrzejczyk18@netlog.com,F
46,Buddie,Q,MacPherson,8/24/1960,bmacpherson19@bandcamp.com,M
47,Baxy,E,Nesby,8/4/1975,bnesby1a@elegantthemes.com,M
48,Adolph,M,Crighton,10/23/1990,acrighton1b@netlog.com,F
49,Lorrie,I,Grishelyov,5/28/1980,lgrishelyov1c@furl.net,F
50,Kelbee,E,Gravenall,7/8/1940,kgravenall1d@nationalgeographic.com,F
51,Rossie,Q,Goudman,6/13/1954,rgoudman1e@imgur.com,F
52,Amery,Z,Mellows,7/31/1993,amellows1f@dailymotion.com,F
53,Vincenz,K,Draijer,3/8/1973,vdraijer1g@usnews.com,M
54,Alix,Q,Aynold,10/11/1952,aaynold1h@myspace.com,F
55,Sanford,V,Tripony,6/17/1993,stripony1i@instagram.com,F
56,Jared,W,Recher,10/4/1968,jrecher1j@utexas.edu,M
57,Perren,J,Da Costa,3/31/1991,pdacosta1k@java.com,M
58,Sky,H,Canet,9/9/1964,scanet1l@webmd.com,M
59,Clarke,L,Biggerstaff,8/27/1990,cbiggerstaff1m@chronoengine.com,M
60,Archaimbaud,O,Gane,9/1/1992,agane1n@nih.gov,M
61,Juan,K,Yitzhakov,2/11/1949,jyitzhakov1o@nasa.gov,F
62,Collin,E,Busse,7/16/1962,cbusse1p@rakuten.co.jp,F
63,Augie,R,D'Andrea,2/24/1965,adandrea1q@eventbrite.com,M
64,Gib,A,Clifton,6/26/1976,gclifton1r@youku.com,F
65,Meyer,Q,Cleevely,4/28/1935,mcleevely1s@creativecommons.org,M
66,Hershel,J,Leaning,12/21/1989,hleaning1t@globo.com,M
67,Gan,N,Gutans,5/10/1985,ggutans1u@adobe.com,F
68,Shannon,W,Dopson,5/31/1945,sdopson1v@gmpg.org,M
69,Alexander,K,Greasty,3/12/1982,agreasty1w@army.mil,M
70,Pen,R,Pressman,5/7/1951,ppressman1x@paypal.com,M
71,Grenville,N,Provost,4/21/1972,gprovost1y@soundcloud.com,M
72,Forrest,M,Lippatt,10/23/1949,flippatt1z@go.com,M
73,Bryn,C,O'Corren,5/9/1973,bocorren20@hc360.com,F
74,Shell,U,Ilson,6/11/1935,silson21@indiatimes.com,M
75,Kippar,S,Sego,9/2/1993,ksego22@fc2.com,M
76,Evyn,Y,Shuker,2/2/1937,eshuker23@addthis.com,F
77,Irvine,H,Hek,10/12/1950,ihek24@multiply.com,M
78,Ric,N,Breston,8/4/1954,rbreston25@dailymotion.com,F
79,Ty,Y,Lyokhin,5/16/1939,tlyokhin26@nbcnews.com,F
80,Val,R,Circuit,12/1/1935,vcircuit27@slideshare.net,M
81,Marten,B,Knobell,11/8/1944,mknobell28@nsw.gov.au,F
82,Witty,C,Riccardelli,12/4/1975,wriccardelli29@bravesites.com,F
83,Lorin,T,Kettoe,3/29/1961,lkettoe2a@de.vu,F
84,Berkley,U,Sammon,9/19/1963,bsammon2b@exblog.jp,F
85,Carling,Y,Wagenen,10/2/1973,cwagenen2c@about.com,F
86,Wally,M,Davitashvili,10/26/1964,wdavitashvili2d@tamu.edu,M
87,Elmo,W,Surman,2/7/1946,esurman2e@google.de,F
88,Geno,I,Zarfat,4/30/1939,gzarfat2f@usgs.gov,F
89,Skip,A,Dyte,1/7/1983,sdyte2g@typepad.com,F
90,Decca,G,Ritson,2/4/1962,dritson2h@bigcartel.com,F
91,Carling,S,Andrivot,9/21/1941,candrivot2i@npr.org,F
92,Waldemar,J,Ohlsen,7/22/1981,wohlsen2j@live.com,M
93,Haleigh,K,Eyckelbeck,12/8/1964,heyckelbeck2k@gmpg.org,M
94,Maximilian,I,Tregenza,8/21/1991,mtregenza2l@dagondesign.com,F
95,Alyosha,L,Kettles,10/4/1995,akettles2m@cnbc.com,M
96,Leslie,D,Wadman,9/7/1943,lwadman2n@reuters.com,M
97,Travers,X,Lambart,4/2/1937,tlambart2o@cmu.edu,F
98,Lezley,O,Newlove,12/27/1941,lnewlove2p@howstuffworks.com,M
99,Dannie,S,Weildish,7/16/1970,dweildish2q@reuters.com,M
100,Bryon,R,Froggatt,3/9/1951,bfroggatt2r@hhs.gov,M
101,Elwood,G,Byars,10/18/1980,ebyars2s@51.la,M
102,Nappy,X,Ca,8/28/1945,nca2t@1688.com,F
103,Graehme,Y,Mowen,12/5/1959,gmowen2u@odnoklassniki.ru,F
104,Shurlock,N,Olivetti,3/14/1985,solivetti2v@privacy.gov.au,F
105,Clarence,K,Labro,1/19/1944,clabro2w@elegantthemes.com,F
106,Kimball,G,Anan,11/7/1978,kanan2x@arstechnica.com,F
107,Valentine,X,Kohler,7/11/1953,vkohler2y@oakley.com,M
108,Reece,K,Goade,6/10/1953,rgoade2z@huffingtonpost.com,F
109,Reggis,G,Gori,2/13/1969,rgori30@google.cn,M
110,Arie,K,Richardon,1/27/1985,arichardon31@vkontakte.ru,F
111,Gawain,M,Kingcote,1/15/1977,gkingcote32@github.io,F
112,Austin,W,Hrishanok,4/14/1952,ahrishanok33@cbslocal.com,M
113,Ryan,J,Grece,9/3/1939,rgrece34@ibm.com,M
114,Burk,E,Galton,9/26/1951,bgalton35@com.com,M
115,Syman,H,O'Lochan,6/7/1992,solochan36@unblog.fr,F
116,Phip,W,McGonagle,7/26/1970,pmcgonagle37@eepurl.com,M
117,Moise,C,Conyard,1/23/1952,mconyard38@list-manage.com,F
118,Bartel,M,Morby,11/27/1940,bmorby39@hibu.com,F
119,Vaughn,G,Dutson,1/30/1982,vdutson3a@eventbrite.com,F
120,Gaile,I,Mooney,8/13/1975,gmooney3b@globo.com,F
121,Pall,A,Burril,2/11/1971,pburril3c@netvibes.com,M
122,Angel,P,Aloshkin,5/9/1990,aaloshkin3d@google.cn,M
123,Dunn,S,Ochterlony,7/10/1952,dochterlony3e@netvibes.com,F
124,Omero,W,Londing,2/14/1996,olonding3f@vkontakte.ru,M
125,Dur,B,Peters,4/19/1993,dpeters3g@google.ru,M
126,Phillipe,K,Benduhn,11/15/1938,pbenduhn3h@etsy.com,M
127,Ilario,G,Parcells,2/20/1998,iparcells3i@reddit.com,F
128,Spenser,V,Grisard,5/16/1989,sgrisard3j@surveymonkey.com,F
129,Zedekiah,W,Foffano,8/26/1953,zfoffano3k@walmart.com,M
130,Virgil,N,Pettett,3/3/1996,vpettett3l@va.gov,M
131,Kennedy,D,Aguirrezabal,8/1/1947,kaguirrezabal3m@china.com.cn,M
132,Major,U,Wrout,8/6/1996,mwrout3n@freewebs.com,M
133,Everett,I,Gosnall,9/26/1987,egosnall3o@alexa.com,F
134,Wait,P,Switland,12/31/1994,wswitland3p@dailymotion.com,M
135,Garry,C,Trobridge,6/23/1972,gtrobridge3q@vimeo.com,M
136,Tabor,P,Vasyutochkin,5/9/1988,tvasyutochkin3r@wsj.com,F
137,Elbert,X,Milius,8/10/1976,emilius3s@scribd.com,F
138,Hall,Y,Drakeley,6/11/1980,hdrakeley3t@ed.gov,F
139,Syd,Q,Pietrowski,8/17/1961,spietrowski3u@amazon.co.jp,F
140,Garrick,N,Kyne,5/25/1966,gkyne3v@psu.edu,M
141,Hashim,E,Ostridge,7/7/1953,hostridge3w@ucoz.com,M
142,Otis,N,Groneway,5/8/1955,ogroneway3x@mit.edu,M
143,Alvan,G,Kasper,10/14/1948,akasper3y@pen.io,M
144,Gustavo,H,Extance,11/27/1980,gextance3z@mozilla.com,F
145,Cozmo,X,Palfrey,9/9/1947,cpalfrey40@springer.com,F
146,Allard,Q,Caustick,1/1/1954,acaustick41@seattletimes.com,F
147,Rutherford,A,Housden,6/7/1972,rhousden42@biblegateway.com,M
148,Angie,W,Frobisher,5/9/1972,afrobisher43@economist.com,M
149,Phillipe,A,Chick,8/18/1938,pchick44@scribd.com,F
150,Oberon,B,Farryann,10/29/1962,ofarryann45@comsenz.com,M
151,Pincus,U,Ciobotaro,4/2/1938,pciobotaro46@lulu.com,M
152,Abbott,H,Donnell,10/1/1977,adonnell47@networkadvertising.org,M
153,Nicolai,A,Durrans,5/1/1996,ndurrans48@altervista.org,M
154,Gaylor,M,Jeannot,8/29/1996,gjeannot49@wikia.com,F
155,Renault,W,De Andreis,11/4/1946,rdeandreis4a@jugem.jp,F
156,Pincus,V,Vairow,8/11/1946,pvairow4b@npr.org,F
157,Rickey,Z,Aldous,11/18/1943,raldous4c@mac.com,M
158,Marlon,D,Pelzer,6/13/1967,mpelzer4d@sitemeter.com,M
159,Stirling,Z,Dodworth,10/9/1986,sdodworth4e@meetup.com,M
160,Riccardo,B,Doornbos,5/14/1981,rdoornbos4f@ovh.net,F
161,Forrester,Q,Klus,5/9/1943,fklus4g@independent.co.uk,M
162,Saunderson,X,Polley,3/27/1970,spolley4h@chronoengine.com,F
163,Ellerey,Z,Tong,7/24/1958,etong4i@blogtalkradio.com,F
164,Kirby,J,Casacchia,12/25/1993,kcasacchia4j@si.edu,M
165,Michel,L,Lochrie,3/15/1962,mlochrie4k@ca.gov,F
166,Gasper,O,Congram,8/17/1982,gcongram4l@flavors.me,M
167,Chane,M,Sives,1/11/1956,csives4m@ustream.tv,M
168,Howard,Y,Blacksell,4/9/1938,hblacksell4n@ucsd.edu,F
169,Ewen,I,Krikorian,3/30/1979,ekrikorian4o@sitemeter.com,F
170,Melvyn,M,Tonge,5/3/1962,mtonge4p@umn.edu,F
171,Benjamen,C,Bouskill,9/4/1990,bbouskill4q@blogger.com,M
172,Hart,P,Hyde,5/18/1951,hhyde4r@dion.ne.jp,M
173,Nealy,O,Beathem,2/18/1939,nbeathem4s@spotify.com,F
174,Vidovik,L,Sweetmore,7/25/1962,vsweetmore4t@blog.com,M
175,Elihu,W,Jelfs,11/4/1986,ejelfs4u@last.fm,F
176,Manolo,C,Tregonna,12/3/1974,mtregonna4v@globo.com,F
177,Rainer,X,Bottrill,5/20/1970,rbottrill4w@cyberchimps.com,M
178,Hall,Q,Fronsek,11/29/1961,hfronsek4x@usa.gov,M
179,Cyrille,E,Gomby,1/16/1993,cgomby4y@yandex.ru,M
180,Georas,T,Foyston,6/10/1951,gfoyston4z@ucoz.ru,F
181,Rhett,F,Warrillow,5/2/1963,rwarrillow50@vistaprint.com,M
182,Berny,K,Luberti,10/25/1996,bluberti51@linkedin.com,M
183,Basil,F,Bradly,6/7/1942,bbradly52@hexun.com,M
184,Jedediah,S,Onyon,8/25/1936,jonyon53@adobe.com,F
185,Salim,E,Brookwood,11/23/1950,sbrookwood54@lulu.com,F
186,Adan,Y,Cahey,12/23/1993,acahey55@etsy.com,F
187,Armin,Y,McGeouch,11/18/1954,amcgeouch56@sohu.com,M
188,Durant,P,Braid,5/24/1936,dbraid57@pagesperso-orange.fr,M
189,Faber,Q,Dodell,8/25/1995,fdodell58@aol.com,M
190,Chan,E,Yendall,6/12/1962,cyendall59@ovh.net,M
191,Page,K,Rosengart,7/6/1981,prosengart5a@time.com,F
192,Kelley,W,Harrell,5/31/1958,kharrell5b@ocn.ne.jp,F
193,Lonnard,Y,Rhule,1/2/1950,lrhule5c@histats.com,M
194,Federico,G,Tunnadine,12/17/1989,ftunnadine5d@sun.com,M
195,Lezley,J,Busher,10/19/1969,lbusher5e@live.com,F
196,Gare,I,Frye,3/17/1980,gfrye5f@rakuten.co.jp,M
197,Dewie,J,Sapwell,11/6/1985,dsapwell5g@goo.gl,M
198,Conway,C,Itzik,7/7/1989,citzik5h@microsoft.com,M
199,Currey,P,Glede,8/20/1944,cglede5i@eventbrite.com,F
200,Nickey,E,Seabright,11/18/1942,nseabright5j@feedburner.com,F
201,Bob,M,Agass,1/29/1982,bagass5k@ovh.net,M
202,Traver,O,Lynas,6/23/1980,tlynas5l@instagram.com,M
203,Ax,O,Ales0,9/21/1945,aales5m@economist.com,M
204,Wilmar,U,O'Downe,5/20/1974,wodowne5n@google.fr,F
205,Virgie,Q,Merwe,9/27/1986,vmerwe5o@spotify.com,F
206,Jeremias,I,Linden,12/1/1935,jlinden5p@livejournal.com,F
207,Shepperd,F,Sjollema,4/10/1982,ssjollema5q@mtv.com,M
208,Jesse,N,Harman,9/30/1984,jharman5r@vk.com,M
209,Bevin,R,Godehard.sf,11/16/1954,bgodehardsf5s@webnode.com,F
210,Rickard,K,Corah,6/7/1978,rcorah5t@nature.com,F
211,Norton,F,Palmer,11/14/1960,npalmer5u@slideshare.net,F
212,Elia,R,Meake,1/2/1963,emeake5v@mozilla.com,M
213,Shawn,N,Bengtson,5/8/1943,sbengtson5w@rakuten.co.jp,F
214,Michele,Y,Skaife d'Ingerthorpe,6/27/1962,mskaifedingerthorpe5x@state.tx.us,M
215,Calvin,M,Disman,3/3/1952,cdisman5y@hugedomains.com,M
216,Orlan,B,Grout,10/29/1952,ogrout5z@creativecommons.org,F
217,Lemmie,S,O'Garmen,9/19/1993,logarmen60@soundcloud.com,M
218,Mahmud,Z,Keneleyside,10/16/1972,mkeneleyside61@usda.gov,F
219,Kenny,N,Benedyktowicz,7/17/1937,kbenedyktowicz62@opensource.org,F
220,Brent,P,Wadelin,8/30/1955,bwadelin63@sourceforge.net,F
221,Guss,C,Aucott,12/17/1945,gaucott64@de.vu,F
222,Rudolph,B,Saunder,7/6/1949,rsaunder65@instagram.com,M
223,Alden,J,Golda,10/1/1974,agolda66@scientificamerican.com,M
224,Norbie,Y,Josskowitz,5/31/1942,njosskowitz67@disqus.com,M
225,Filip,H,Tissiman,9/21/1950,ftissiman68@etsy.com,M
226,Oren,Y,Hedde,10/15/1979,ohedde69@hostgator.com,M
227,Joey,E,Noonan,6/10/1980,jnoonan6a@hatena.ne.jp,F
228,Flory,A,Pavlata,5/15/1944,fpavlata6b@ebay.com,F
229,Noll,O,Rudall,5/9/1997,nrudall6c@facebook.com,M
230,Waverley,V,Gadault,5/28/1997,wgadault6d@clickbank.net,F
231,Finlay,Z,Riguard,7/24/1941,friguard6e@whitehouse.gov,F
232,Monro,W,Le land,3/17/1960,mleland6f@topsy.com,F
233,Nataniel,Q,Jochen,8/13/1956,njochen6g@yellowpages.com,F
234,Harman,O,Baltrushaitis,2/14/1988,hbaltrushaitis6h@weibo.com,M
235,Tobie,R,Whiffen,12/23/1973,twhiffen6i@ifeng.com,F
236,Leicester,P,Beeckx,12/24/1969,lbeeckx6j@auda.org.au,M
237,Decca,I,Vasquez,3/6/1986,dvasquez6k@oracle.com,F
238,Carney,K,Landrick,9/24/1996,clandrick6l@i2i.jp,F
239,Thorny,O,Westmarland,2/15/1989,twestmarland6m@sohu.com,M
240,Sylvan,O,Castillo,6/23/1993,scastillo6n@diigo.com,F
241,Frederico,F,Hyett,9/16/1941,fhyett6o@blinklist.com,M
242,Abbie,G,Wilcockes,4/2/1998,awilcockes6p@t-online.de,M
243,Michal,Q,Yirrell,12/19/1980,myirrell6q@youku.com,F
244,Erick,W,Stepney,4/29/1956,estepney6r@arizona.edu,F
245,Ximenes,A,Van der Kruis,2/24/1962,xvanderkruis6s@theglobeandmail.com,F
246,Jasper,Q,Prescote,4/9/1979,jprescote6t@slate.com,F
247,Gerek,G,Goodboddy,7/10/1941,ggoodboddy6u@nifty.com,M
248,Craggie,J,Bellenie,3/5/1940,cbellenie6v@gizmodo.com,F
249,Bern,R,Delacourt,7/27/1987,bdelacourt6w@cdc.gov,M
250,Odo,F,Dudley,5/8/1935,odudley6x@meetup.com,M
251,Bartholomew,Q,Domanek,11/10/1968,bdomanek6y@answers.com,M
252,Stillmann,Q,Testro,5/6/1935,stestro6z@google.es,M
253,Major,K,Whiff,6/5/1953,mwhiff70@nature.com,M
254,Stephan,F,Zarfat,5/27/1987,szarfat71@ft.com,M
255,Aldwin,L,Rusted,11/11/1984,arusted72@cnet.com,F
256,Karel,F,Brattan,4/20/1988,kbrattan73@seesaa.net,F
257,Vern,J,Checchi,3/28/1973,vchecchi74@chronoengine.com,F
258,Abraham,O,Guidone,12/25/1959,aguidone75@feedburner.com,M
259,Kim,F,Mussalli,3/19/1983,kmussalli76@prnewswire.com,F
260,Dionisio,B,Oldershaw,8/30/1946,doldershaw77@infoseek.co.jp,F
261,Tedie,Y,Espie,8/20/1942,tespie78@nba.com,F
262,Basilius,S,Fosberry,7/23/1960,bfosberry79@aol.com,M
263,Rab,M,Dannatt,5/20/1954,rdannatt7a@businesswire.com,F
264,Frasier,M,McAvin,3/11/1938,fmcavin7b@scientificamerican.com,M
265,Neal,L,Ciementini,5/4/1935,nciementini7c@mediafire.com,F
266,Winfred,E,Sedgebeer,4/4/1973,wsedgebeer7d@prlog.org,M
267,Cameron,G,Brookzie,8/26/1985,cbrookzie7e@themeforest.net,F
268,Osborn,J,Albarez,2/5/1943,oalbarez7f@weibo.com,M
269,Gunner,U,Begley,9/12/1936,gbegley7g@nps.gov,M
270,Micky,A,Izakovitz,6/29/1951,mizakovitz7h@ovh.net,M
271,Allyn,V,Tanby,1/30/1940,atanby7i@netscape.com,F
272,Noby,G,Wasteney,11/22/1976,nwasteney7j@alexa.com,M
273,Hallsy,C,Grishukhin,10/27/1945,hgrishukhin7k@marriott.com,M
274,Marco,E,Frangleton,12/1/1957,mfrangleton7l@globo.com,F
275,Lenard,S,Casaletto,5/17/1986,lcasaletto7m@noaa.gov,F
276,Lem,D,Drohun,4/28/1990,ldrohun7n@blogs.com,F
277,Brose,D,Rush,10/1/1942,brush7o@macromedia.com,M
278,Florian,D,Rookwell,12/29/1976,frookwell7p@stumbleupon.com,F
279,Ferrell,K,Lanney,7/8/1955,flanney7q@dropbox.com,F
280,Dick,J,Sollitt,3/16/1985,dsollitt7r@tiny.cc,F
281,Peter,B,Beavan,9/30/1938,pbeavan7s@wufoo.com,F
282,Lorens,K,Woofendell,5/11/1949,lwoofendell7t@census.gov,F
283,Ephrem,C,McGuiney,6/13/1954,emcguiney7u@gravatar.com,F
284,Lonnie,J,Franke,11/9/1976,lfranke7v@yelp.com,F
285,Finley,M,Giorgini,7/7/1942,fgiorgini7w@abc.net.au,F
286,Amery,L,Trattles,10/5/1984,atrattles7x@wikia.com,M
287,Vittorio,H,McReidy,12/4/1987,vmcreidy7y@boston.com,M
288,Hastie,X,Etheridge,4/29/1947,hetheridge7z@nbcnews.com,F
289,Barnett,G,McGirl,4/21/1974,bmcgirl80@tripod.com,F
290,Arie,Z,Siene,5/4/1958,asiene81@symantec.com,F
291,Niels,I,Littlecote,6/26/1984,nlittlecote82@indiegogo.com,M
292,Shurlock,T,Dallimore,7/23/1944,sdallimore83@msn.com,F
293,Erwin,C,Behnecken,11/6/1995,ebehnecken84@who.int,M
294,Jaymie,A,Arnoll,2/1/1957,jarnoll85@dmoz.org,F
295,Frazer,D,Breddy,3/24/1988,fbreddy86@homestead.com,M
296,Town,C,Dobey,1/20/1942,tdobey87@oaic.gov.au,F
297,Wakefield,H,Harvatt,4/10/1968,wharvatt88@howstuffworks.com,M
298,Wilfrid,W,Jacobs,7/9/1979,wjacobs89@toplist.cz,F
299,Desmond,J,Narraway,1/15/1952,dnarraway8a@nasa.gov,F
300,Matthus,O,Pyecroft,7/10/1936,mpyecroft8b@engadget.com,F
301,Patin,H,Haddinton,4/19/1951,phaddinton8c@who.int,M
302,Antoine,Y,Derrick,5/11/1957,aderrick8d@trellian.com,F
303,Alaster,X,Steljes,8/28/1952,asteljes8e@gizmodo.com,M
304,Randal,T,Haslewood,10/25/1968,rhaslewood8f@nationalgeographic.com,F
305,Stearne,M,Wort,7/3/1943,swort8g@dion.ne.jp,M
306,Dillie,Z,Colmer,4/23/1959,dcolmer8h@mit.edu,M
307,Ab,Z,Hincham,2/22/1968,ahincham8i@addthis.com,M
308,Amble,M,Deddum,5/15/1942,adeddum8j@jalbum.net,F
309,Merrel,D,Pelerin,7/14/1981,mpelerin8k@surveymonkey.com,F
310,Horton,S,Beldan,7/10/1990,hbeldan8l@sun.com,M
311,Rustin,I,Fellgett,7/28/1964,rfellgett8m@mapquest.com,F
312,Holden,E,Szachniewicz,1/15/1966,hszachniewicz8n@ucoz.com,F
313,Kristian,L,Yate,10/21/1981,kyate8o@gizmodo.com,M
314,Cece,V,Berisford,12/20/1953,cberisford8p@samsung.com,M
315,Winston,W,Borgnol,2/11/1963,wborgnol8q@alibaba.com,M
316,Kurt,X,D'eathe,2/16/1941,kdeathe8r@xinhuanet.com,F
317,Dalis,N,Pautot,8/27/1992,dpautot8s@dell.com,F
318,Tedman,K,Mirando,5/23/1943,tmirando8t@ezinearticles.com,F
319,Lucius,L,Tunnock,7/25/1994,ltunnock8u@discuz.net,F
320,Hagan,Y,Lomaz,11/8/1935,hlomaz8v@tuttocitta.it,F
321,Olag,X,Healks,1/12/1970,ohealks8w@blogs.com,F
322,Henrik,L,Mayers,3/27/1941,hmayers8x@godaddy.com,M
323,Carlie,G,Coleman,6/1/1989,ccoleman8y@pcworld.com,M
324,Conrado,L,Cusworth,4/20/1939,ccusworth8z@gravatar.com,F
325,Kiley,L,Schmuhl,7/3/1995,kschmuhl90@de.vu,M
326,Rocky,K,Compford,11/14/1981,rcompford91@state.tx.us,M
327,Myrwyn,S,Grimm,10/1/1968,mgrimm92@home.pl,M
328,Florian,H,Casford,11/1/1979,fcasford93@g.co,M
329,Giacomo,L,Doumer,2/25/1960,gdoumer94@ca.gov,F
330,Bentley,I,Oglevie,5/13/1960,boglevie95@wikia.com,M
331,Desmund,M,Vinas,4/5/1944,dvinas96@home.pl,F
332,Rad,K,Kubik,4/27/1963,rkubik97@slideshare.net,F
333,Tristan,V,Lindenberg,10/26/1940,tlindenberg98@toplist.cz,F
334,Dominick,J,Kiledal,5/31/1989,dkiledal99@patch.com,M
335,Sylvan,J,Enders,11/28/1947,senders9a@google.ca,F
336,Frankie,I,Jiri,1/12/1980,fjiri9b@fema.gov,M
337,Lindon,S,Alvin,7/21/1975,lalvin9c@smugmug.com,F
338,Berti,D,Girton,7/3/1974,bgirton9d@discuz.net,F
339,Tiler,J,Kennifeck,7/20/1957,tkennifeck9e@businessweek.com,M
340,Jeramie,Z,Fellona,11/10/1943,jfellona9f@imgur.com,F
341,Flin,H,Lorens,7/24/1975,florens9g@bbc.co.uk,M
342,Mendel,D,Seed,8/11/1956,mseed9h@google.co.jp,M
343,Callean,W,Thunders,7/29/1976,cthunders9i@twitpic.com,F
344,Sigismondo,L,Nunson,5/16/1992,snunson9j@blinklist.com,F
345,Kalvin,E,Harewood,8/26/1940,kharewood9k@ucoz.com,F
346,Franzen,Y,Kinset,3/8/1992,fkinset9l@hostgator.com,M
347,Jammal,J,Perrot,6/8/1962,jperrot9m@state.gov,F
348,Eduino,E,Masson,9/30/1935,emasson9n@eventbrite.com,F
349,Pooh,C,Scotcher,8/27/1966,pscotcher9o@mapquest.com,F
350,Fremont,Y,Velte,9/8/1970,fvelte9p@blogger.com,F
351,Uriah,X,Walework,6/10/1962,uwalework9q@comsenz.com,F
352,Corney,C,Effemy,3/2/1973,ceffemy9r@yellowpages.com,F
353,Gardener,X,Wickenden,1/27/1950,gwickenden9s@miitbeian.gov.cn,M
354,Kelly,J,Bratcher,9/8/1969,kbratcher9t@bbc.co.uk,F
355,Sterling,K,Berthouloume,5/17/1943,sberthouloume9u@altervista.org,M
356,Derwin,B,Bushel,2/8/1975,dbushel9v@archive.org,F
357,Elnar,U,Munnis,8/19/1992,emunnis9w@smh.com.au,F
358,Adolf,Y,Perrigo,6/29/1964,aperrigo9x@wisc.edu,M
359,Peyter,N,Forsard,3/6/1961,pforsard9y@hugedomains.com,F
360,Fletch,C,Maddin,2/6/1954,fmaddin9z@hibu.com,M
361,Graham,X,Fergyson,3/14/1958,gfergysona0@columbia.edu,F
362,Bernhard,D,Woolger,12/5/1948,bwoolgera1@opensource.org,M
363,Lou,J,Linsey,8/10/1942,llinseya2@phpbb.com,M
364,Fabio,Y,Krauss,10/22/1998,fkraussa3@shareasale.com,F
365,Sigfried,K,Chart,1/13/1965,scharta4@nyu.edu,M
366,Vidovik,Y,Drohane,10/22/1979,vdrohanea5@guardian.co.uk,F
367,North,R,Jemmison,4/9/1980,njemmisona6@zdnet.com,F
368,Jerrie,B,McKennan,2/25/1984,jmckennana7@stanford.edu,M
369,Thacher,V,Sherwell,4/23/1968,tsherwella8@nationalgeographic.com,F
370,Wood,N,Jacobbe,2/25/1942,wjacobbea9@deliciousdays.com,M
371,Graham,Q,Galbraith,4/23/1980,ggalbraithaa@imgur.com,M
372,Northrup,D,Vivyan,9/7/1963,nvivyanab@xinhuanet.com,M
373,Brice,I,Stutard,10/13/1980,bstutardac@seesaa.net,M
374,Paolo,Y,Barkway,1/16/1985,pbarkwayad@discovery.com,M
375,Niles,J,Gobeau,2/25/1984,ngobeauae@diigo.com,M
376,Obadias,E,Orgee,11/18/1984,oorgeeaf@ow.ly,F
377,Chen,W,Lewtey,5/4/1959,clewteyag@cyberchimps.com,M
378,Nicolas,L,Hulland,7/11/1968,nhullandah@webnode.com,M
379,Maurizio,J,Kingman,8/16/1963,mkingmanai@squidoo.com,F
380,Tam,M,Raggett,8/25/1948,traggettaj@ihg.com,M
381,Goober,Q,Denisevich,10/17/1957,gdenisevichak@i2i.jp,M
382,Elton,S,Greguoli,5/9/1982,egreguolial@accuweather.com,F
383,Yul,N,Vigneron,6/20/1991,yvigneronam@simplemachines.org,M
384,Colman,Q,Sysland,9/30/1959,csyslandan@nydailynews.com,M
385,Phil,F,Creffield,12/7/1968,pcreffieldao@homestead.com,F
386,Baudoin,O,Gavey,1/24/1992,bgaveyap@usatoday.com,F
387,Hakim,N,Korneichuk,8/5/1979,hkorneichukaq@answers.com,M
388,Pate,K,Agglio,5/31/1962,pagglioar@usatoday.com,F
389,Vance,V,Hamshere,10/14/1936,vhamshereas@cnet.com,F
390,Abbey,D,Georger,3/13/1948,ageorgerat@multiply.com,M
391,Ichabod,C,Banaszczyk,9/30/1987,ibanaszczykau@businessweek.com,F
392,Falito,Q,Shepherd,11/30/1983,fshepherdav@ibm.com,F
393,Stevy,O,Gawith,6/2/1990,sgawithaw@blogs.com,F
394,Conrad,P,McIlmurray,6/16/1994,cmcilmurrayax@issuu.com,M
395,Francklyn,X,Dunne,4/21/1953,fdunneay@fda.gov,F
396,See,G,Kenworthey,11/12/1935,skenwortheyaz@discovery.com,M
397,Griz,G,Goding,1/13/1989,ggodingb0@latimes.com,F
398,Ignazio,J,Manueli,10/19/1947,imanuelib1@tripod.com,M
399,Chester,H,Hodgins,6/20/1998,chodginsb2@php.net,F
400,Gerrard,D,Winterbotham,1/30/1957,gwinterbothamb3@squarespace.com,F
401,Delbert,Z,Denniston,2/26/1983,ddennistonb4@twitter.com,F
402,Adrian,A,Hulse,2/17/1937,ahulseb5@loc.gov,M
403,Franklin,E,Lalonde,2/26/1978,flalondeb6@gov.uk,M
404,Corny,V,Probet,7/1/1959,cprobetb7@yelp.com,M
405,Randy,U,Cordon,4/27/1953,rcordonb8@discuz.net,M
406,Cesaro,R,Emmer,1/30/1965,cemmerb9@tinypic.com,F
407,Bent,G,Beebis,5/21/1998,bbeebisba@uol.com.br,F
408,Maximilian,Y,Sapwell,8/30/1957,msapwellbb@csmonitor.com,F
409,Avigdor,C,Andrysiak,11/22/1936,aandrysiakbc@icq.com,M
410,Sherwood,P,Scouler,3/29/1943,sscoulerbd@ihg.com,M
411,Judas,Q,Tomasi,7/23/1981,jtomasibe@tripadvisor.com,F
412,Gaylord,L,Corbie,7/12/1954,gcorbiebf@statcounter.com,M
413,Barthel,K,Duddle,2/3/1968,bduddlebg@cdc.gov,M
414,Kahlil,Y,Gerardeaux,1/23/1959,kgerardeauxbh@forbes.com,M
415,Clevey,T,Coate,8/24/1957,ccoatebi@unc.edu,M
416,Glynn,N,Filipovic,9/29/1970,gfilipovicbj@mozilla.com,F
417,Shell,O,Bazoche,6/12/1971,sbazochebk@house.gov,M
418,Brandtr,U,Rexworthy,3/6/1969,brexworthybl@goodreads.com,F
419,Jarad,N,MacCumiskey,4/29/1956,jmaccumiskeybm@chicagotribune.com,M
420,Noby,T,Snugg,2/1/1989,nsnuggbn@photobucket.com,M
421,Calvin,L,Pemble,3/11/1983,cpemblebo@cbslocal.com,M
422,Thayne,Q,Zanitti,12/29/1978,tzanittibp@economist.com,M
423,Ellis,U,Linder,6/7/1966,elinderbq@omniture.com,M
424,Ennis,Q,Coldrick,5/24/1994,ecoldrickbr@mozilla.org,M
425,Bartholomeo,Z,Halse,9/2/1952,bhalsebs@mediafire.com,M
426,Corbin,P,Boost,8/23/1971,cboostbt@youtube.com,M
427,Lyn,G,Crewes,11/19/1974,lcrewesbu@google.ru,M
428,Arvin,F,Idale,11/18/1992,aidalebv@microsoft.com,M
429,Hamlen,F,Houlahan,2/1/1954,hhoulahanbw@sohu.com,M
430,Trenton,P,Currao,12/2/1936,tcurraobx@yahoo.co.jp,M
431,Justinian,Q,Milch,3/19/1957,jmilchby@opensource.org,M
432,Gabi,F,Shere,2/23/1976,gsherebz@tamu.edu,F
433,Roley,D,Hatherell,12/30/1978,rhatherellc0@wordpress.com,M
434,Tate,O,Kulicke,5/3/1962,tkulickec1@sphinn.com,M
435,Emlyn,T,Balsom,5/7/1954,ebalsomc2@salon.com,M
436,Thaddus,C,Turley,7/15/1971,tturleyc3@smugmug.com,F
437,Raphael,G,Firman,7/15/1965,rfirmanc4@fotki.com,M
438,Augustine,M,Scruby,4/4/1978,ascrubyc5@tamu.edu,F
439,Teador,T,Hoonahan,6/1/1971,thoonahanc6@friendfeed.com,M
440,Benton,M,Arson,11/10/1973,barsonc7@patch.com,M
441,Loydie,D,Dumke,7/7/1950,ldumkec8@etsy.com,M
442,Mel,U,Oswal,9/7/1951,moswalc9@twitpic.com,F
443,Torre,E,Ketch,12/24/1966,tketchca@shinystat.com,M
444,Pattin,K,Plaskitt,8/16/1943,pplaskittcb@guardian.co.uk,M
445,Virgie,O,Itzakson,9/29/1993,vitzaksoncc@theglobeandmail.com,F
446,Dimitry,E,Troyes,7/1/1935,dtroyescd@hp.com,M
447,Brendon,F,Gilliver,12/15/1986,bgilliverce@earthlink.net,M
448,Wernher,S,Kunkler,10/24/1990,wkunklercf@bluehost.com,M
449,Geoffry,D,Smaile,9/28/1935,gsmailecg@squidoo.com,M
450,Pavlov,F,Douty,10/29/1984,pdoutych@bing.com,M
451,Caldwell,M,Jaume,8/15/1967,cjaumeci@cbslocal.com,F
452,Eward,H,Capey,5/29/1948,ecapeycj@wordpress.org,M
453,Armin,R,Bowick,10/4/1979,abowickck@altervista.org,F
454,Ely,E,Mattioli,8/8/1964,emattiolicl@umich.edu,F
455,Tymothy,I,McMechan,1/3/1978,tmcmechancm@about.com,F
456,Timothy,M,Kyles,9/11/1993,tkylescn@go.com,M
457,Melvyn,F,Guiett,12/29/1938,mguiettco@ed.gov,F
458,Tamas,H,Guy,7/9/1984,tguycp@odnoklassniki.ru,M
459,Skye,O,Konzelmann,4/14/1956,skonzelmanncq@bloglovin.com,M
460,Jeffy,Q,Queenborough,2/18/1973,jqueenboroughcr@yellowbook.com,F
461,Mill,K,Bartoloma,12/20/1989,mbartolomacs@economist.com,F
462,Baird,I,Cattrell,3/16/1967,bcattrellct@ocn.ne.jp,F
463,Lalo,Z,Sickamore,2/3/1962,lsickamorecu@noaa.gov,F
464,Jamison,L,Worcester,4/27/1992,jworcestercv@who.int,M
465,Joshia,Q,Cuxson,1/3/1993,jcuxsoncw@jiathis.com,F
466,Ugo,S,Doding,5/28/1935,udodingcx@go.com,M
467,Byrom,T,Mulbery,2/3/1937,bmulberycy@adobe.com,F
468,Renault,K,Bass,2/12/1938,rbasscz@ovh.net,M
469,Aldus,X,Layborn,6/2/1959,alaybornd0@biglobe.ne.jp,F
470,Neill,S,Dockrey,1/31/1941,ndockreyd1@boston.com,F
471,Thom,K,Mattielli,3/22/1991,tmattiellid2@angelfire.com,M
472,Ilaire,Y,Serfati,10/20/1947,iserfatid3@narod.ru,M
473,Cobby,I,Gunn,7/2/1967,cgunnd4@nydailynews.com,F
474,Kipper,M,Pickford,1/29/1981,kpickfordd5@unc.edu,M
475,Hendrik,D,Kurdani,9/4/1941,hkurdanid6@nih.gov,F
476,Mickey,N,Wand,2/12/1947,mwandd7@telegraph.co.uk,F
477,Valentino,G,Beatey,1/21/1954,vbeateyd8@google.com,F
478,Ephrayim,O,Symon,6/11/1995,esymond9@cbsnews.com,M
479,Barnett,L,Limeburn,9/11/1936,blimeburnda@seesaa.net,F
480,Chancey,P,Archanbault,4/10/1973,carchanbaultdb@slideshare.net,M
481,Nicola,R,Farrear,1/10/1943,nfarreardc@nba.com,F
482,Ruprecht,A,Curcher,2/5/1936,rcurcherdd@upenn.edu,F
483,Uriah,U,Strotton,7/9/1985,ustrottonde@shop-pro.jp,M
484,Donovan,F,Punter,6/20/1983,dpunterdf@acquirethisname.com,F
485,Tibold,T,Fransinelli,6/6/1973,tfransinellidg@elpais.com,M
486,Nollie,R,Walrond,6/10/1940,nwalronddh@cargocollective.com,F
487,Tom,Y,Trass,10/30/1984,ttrassdi@zimbio.com,F
488,Fraser,M,Gingle,12/14/1961,fgingledj@foxnews.com,M
489,Burke,U,Whardley,9/22/1973,bwhardleydk@photobucket.com,F
490,Nicholas,L,Trotton,12/26/1955,ntrottondl@npr.org,M
491,Edwin,H,Wetherick,6/14/1942,ewetherickdm@nifty.com,M
492,Brien,N,McConaghy,6/9/1991,bmcconaghydn@mit.edu,F
493,Talbot,M,Breyt,4/5/1954,tbreytdo@cam.ac.uk,F
494,Marty,G,Conyers,11/19/1940,mconyersdp@cbsnews.com,M
495,Corbie,Z,Refford,8/19/1998,crefforddq@elegantthemes.com,F
496,Seumas,L,Betun,3/13/1975,sbetundr@sina.com.cn,M
497,Milo,R,Richley,9/4/1947,mrichleyds@is.gd,F
498,Laird,U,Brumham,12/16/1991,lbrumhamdt@kickstarter.com,F
499,Lauren,E,Sawter,11/29/1994,lsawterdu@drupal.org,F
500,Winny,S,Lulham,9/25/1967,wlulhamdv@telegraph.co.uk,M
501,Tadd,Z,Buckner,6/5/1995,tbucknerdw@about.com,M
502,Obidiah,A,Rochford,8/6/1971,orochforddx@google.de,F
503,Esdras,W,Doick,7/29/1952,edoickdy@yellowbook.com,F
504,Homer,K,Bainbridge,10/29/1955,hbainbridgedz@virginia.edu,F
505,Caleb,L,Forryan,5/18/1944,cforryane0@soundcloud.com,F
506,Brnaba,L,Guage,3/6/1935,bguagee1@opera.com,F
507,Milton,Q,Threlkeld,6/6/1955,mthrelkelde2@g.co,M
508,Jarret,E,Sturdy,9/20/1935,jsturdye3@mysql.com,M
509,Conan,C,Deehan,10/25/1977,cdeehane4@utexas.edu,M
510,Christoper,B,Strapp,3/5/1941,cstrappe5@slideshare.net,F
511,Bearnard,W,Toffolo,7/10/1993,btoffoloe6@yandex.ru,F
512,Lezley,Z,Motton,7/26/1985,lmottone7@paypal.com,F
513,Buck,F,Cloute,9/2/1991,bcloutee8@freewebs.com,F
514,Jerald,F,Wimpey,11/14/1965,jwimpeye9@angelfire.com,M
515,Timmie,T,Pattie,5/28/1978,tpattieea@eepurl.com,M
516,Alastair,Y,Falcus,11/1/1985,afalcuseb@posterous.com,M
517,Mackenzie,F,Meriott,2/8/1986,mmeriottec@github.io,F
518,Thatcher,S,Haslin,9/21/1948,thaslined@google.fr,F
519,Esra,G,Innerstone,7/16/1938,einnerstoneee@weebly.com,F
520,Giavani,G,Rusted,11/5/1937,grustedef@opera.com,F
521,Christoforo,B,Lashley,4/3/1983,clashleyeg@wunderground.com,M
522,Romeo,B,Spencley,12/10/1968,rspencleyeh@ox.ac.uk,F
523,Webster,E,Doveston,7/11/1955,wdovestonei@free.fr,F
524,Quill,V,Coppeard,8/29/1947,qcoppeardej@photobucket.com,F
525,Charlton,W,Gibard,4/4/1989,cgibardek@gravatar.com,M
526,Gerhard,V,Cancellor,9/25/1945,gcancellorel@imdb.com,M
527,Shepard,K,Sanbroke,10/3/1972,ssanbrokeem@wired.com,M
528,Pablo,W,Cicco,8/26/1984,pciccoen@nytimes.com,M
529,Glendon,U,Beddoe,1/4/1955,gbeddoeeo@google.ca,F
530,Stanleigh,F,Stoute,10/11/1971,sstouteep@mozilla.org,M
531,Hal,L,Shreenan,2/14/1968,hshreenaneq@delicious.com,M
532,Lannie,X,Boldero,5/5/1998,lbolderoer@addthis.com,M
533,Jarvis,W,Walkling,10/11/1964,jwalklinges@mail.ru,F
534,Onfre,G,Alforde,8/11/1950,oalfordeet@yellowpages.com,M
535,Nicola,F,Perschke,11/29/1951,nperschkeeu@purevolume.com,F
536,Gannie,A,Gaudin,10/15/1987,ggaudinev@cloudflare.com,M
537,Randall,J,Extall,2/6/1947,rextallew@webeden.co.uk,M
538,Ryun,U,MacNeil,7/12/1967,rmacneilex@blogs.com,F
539,Ernst,D,de'-Ancy Willis,7/31/1982,edeancywillisey@quantcast.com,F
540,Fran,O,Marishenko,4/7/1960,fmarishenkoez@webs.com,M
541,Siffre,N,Skarman,7/9/1943,sskarmanf0@gnu.org,M
542,Tabbie,U,O'Currane,9/15/1955,tocurranef1@php.net,M
543,Huntley,H,Dewick,11/26/1970,hdewickf2@soup.io,F
544,Tuckie,C,Strettle,9/14/1967,tstrettlef3@pcworld.com,M
545,Bent,U,Bezley,10/25/1982,bbezleyf4@about.com,M
546,Paolo,O,Frostick,11/11/1973,pfrostickf5@wix.com,M
547,Whitman,I,Ellor,8/24/1944,wellorf6@prnewswire.com,F
548,Son,M,Killshaw,5/25/1942,skillshawf7@about.me,F
549,Nehemiah,Z,Cerman,6/25/1996,ncermanf8@statcounter.com,F
550,Stearne,T,Pettyfer,9/9/1959,spettyferf9@guardian.co.uk,M
551,Wiatt,U,Gray,12/5/1944,wgrayfa@usa.gov,F
552,Hurlee,W,Cresser,11/15/1937,hcresserfb@de.vu,F
553,Bryanty,W,Topley,12/3/1936,btopleyfc@mapy.cz,M
554,Pincas,M,Fillery,4/5/1971,pfilleryfd@intel.com,M
555,Iorgos,Q,Skitterel,4/3/1987,iskitterelfe@themeforest.net,F
556,Sanders,U,Canaan,10/25/1990,scanaanff@discovery.com,F
557,Gill,M,Roome,4/27/1983,groomefg@slideshare.net,M
558,Ancell,A,Dwane,9/29/1993,adwanefh@surveymonkey.com,F
559,Irvine,Q,Comport,11/11/1944,icomportfi@about.com,F
560,Albrecht,I,Klishin,4/2/1973,aklishinfj@shop-pro.jp,M
561,Curr,X,Elbourne,6/1/1941,celbournefk@bloglovin.com,F
562,Micheil,F,Gareisr,1/3/1965,mgareisrfl@squidoo.com,M
563,Myrvyn,E,Mosdall,10/21/1986,mmosdallfm@sina.com.cn,M
564,Nichole,Q,Nutbeam,8/13/1989,nnutbeamfn@theatlantic.com,F
565,Graehme,I,Blaske,8/3/1970,gblaskefo@dedecms.com,M
566,Vinny,F,Bryce,5/14/1973,vbrycefp@sphinn.com,F
567,Sterling,N,Rudgerd,7/4/1972,srudgerdfq@clickbank.net,M
568,Dionisio,T,Dailey,2/7/1962,ddaileyfr@imdb.com,F
569,Witty,E,Cogger,10/27/1937,wcoggerfs@jalbum.net,M
570,Amery,K,Bramall,9/3/1959,abramallft@java.com,M
571,Gordy,Q,East,6/23/1993,geastfu@vkontakte.ru,M
572,Rich,X,Benterman,5/1/1977,rbentermanfv@desdev.cn,F
573,Kasper,L,Jiggen,5/25/1959,kjiggenfw@free.fr,F
574,Johnnie,W,Norsworthy,3/14/1944,jnorsworthyfx@jiathis.com,M
575,Aldis,R,Tipens,1/2/1958,atipensfy@sakura.ne.jp,F
576,Teodor,W,Wadwell,10/13/1947,twadwellfz@wikipedia.org,F
577,Evelin,L,Odhams,4/11/1951,eodhamsg0@youtube.com,M
578,Archibaldo,T,Tweedie,8/3/1967,atweedieg1@admin.ch,F
579,Erich,X,Edyson,9/11/1975,eedysong2@github.io,M
580,Carlyle,A,Renbold,10/14/1976,crenboldg3@hubpages.com,F
581,Patrizius,J,Rawles,11/7/1979,prawlesg4@patch.com,M
582,Augustus,D,Happer,1/28/1964,ahapperg5@redcross.org,F
583,Sebastien,H,Frantzen,7/20/1978,sfrantzeng6@webs.com,M
584,Fletch,W,Daglish,4/2/1978,fdaglishg7@google.de,F
585,Ric,M,Chilley,1/7/1960,rchilleyg8@narod.ru,M
586,Siward,C,Baudinelli,7/14/1973,sbaudinellig9@washingtonpost.com,F
587,Ritchie,M,Gland,8/17/1954,rglandga@themeforest.net,F
588,Christophorus,O,Cooley,4/8/1994,ccooleygb@flavors.me,M
589,Alexandro,X,Keywood,1/25/1940,akeywoodgc@ca.gov,F
590,Boigie,F,Gisby,8/20/1966,bgisbygd@gizmodo.com,M
591,Ham,G,Colyer,5/30/1994,hcolyerge@nps.gov,F
592,Lenci,L,Petruk,1/24/1944,lpetrukgf@quantcast.com,F
593,Ulises,R,Jest,7/8/1952,ujestgg@wikimedia.org,M
594,Ashley,B,Manes,5/30/1948,amanesgh@si.edu,M
595,Elwin,E,Ordidge,7/23/1951,eordidgegi@google.es,M
596,Codi,L,Seefus,11/5/1941,cseefusgj@springer.com,M
597,Tate,X,Hydes,4/25/1978,thydesgk@answers.com,F
598,Farrel,X,MacLaren,12/13/1945,fmaclarengl@globo.com,F
599,Harrison,C,Forrest,2/19/1966,hforrestgm@dell.com,F
600,Chen,G,Ruit,5/17/1946,cruitgn@eepurl.com,F
601,Alexandros,O,McGinn,5/7/1997,amcginngo@youtube.com,F
602,Rourke,F,Till,9/3/1961,rtillgp@exblog.jp,F
603,Darin,V,Weatherhogg,11/27/1994,dweatherhogggq@huffingtonpost.com,F
604,Prinz,Z,Catling,9/25/1979,pcatlinggr@hibu.com,F
605,Dalli,J,Fieller,2/26/1935,dfiellergs@goo.ne.jp,F
606,Sullivan,G,Wimpeney,11/17/1958,swimpeneygt@fda.gov,M
607,Andy,D,Leaburn,2/6/1954,aleaburngu@youtube.com,F
608,Jean,K,Cruz,6/1/1937,jcruzgv@answers.com,M
609,Friedrick,U,Pendrigh,4/6/1961,fpendrighgw@zimbio.com,F
610,Hilario,O,Burkman,7/26/1951,hburkmangx@sakura.ne.jp,M
611,Porter,Y,Reinert,4/23/1958,preinertgy@blogger.com,M
612,Hewitt,P,Olman,8/18/1957,holmangz@cdbaby.com,F
613,Elmer,G,Beecham,3/30/1963,ebeechamh0@nydailynews.com,M
614,Patsy,Q,Tierney,9/15/1990,ptierneyh1@yandex.ru,M
615,Ferguson,V,Roth,10/20/1990,frothh2@g.co,F
616,Saleem,M,McGrail,5/17/1997,smcgrailh3@amazon.co.uk,M
617,Robinson,P,Jancso,10/31/1996,rjancsoh4@biglobe.ne.jp,F
618,Horton,L,Ralph,2/19/1953,hralphh5@unicef.org,F
619,Killie,O,MacGow,7/27/1936,kmacgowh6@google.es,M
620,Murdock,K,Vasnev,1/31/1955,mvasnevh7@feedburner.com,M
621,Dolph,T,Fiddy,7/18/1950,dfiddyh8@nydailynews.com,M
622,Nikolaos,Z,Itzhayek,3/11/1995,nitzhayekh9@google.com.au,F
623,Theo,X,McConnulty,1/5/1984,tmcconnultyha@ucla.edu,M
624,Gibby,C,Witherspoon,2/3/1949,gwitherspoonhb@nps.gov,F
625,Lukas,B,Rabb,5/2/1992,lrabbhc@newsvine.com,M
626,King,C,Gorghetto,1/23/1952,kgorghettohd@chron.com,F
627,Mikel,C,Birkin,7/6/1956,mbirkinhe@tripod.com,M
628,Colman,A,Limmer,7/8/1967,climmerhf@acquirethisname.com,M
629,Merrel,D,Greaves,11/5/1992,mgreaveshg@oaic.gov.au,F
630,Muhammad,M,Mounce,7/17/1991,mmouncehh@ocn.ne.jp,F
631,Arthur,O,Carlesi,6/18/1937,acarlesihi@dailymail.co.uk,M
632,Engelbert,P,Yosevitz,5/5/1997,eyosevitzhj@phoca.cz,F
633,Cully,Z,Duesbury,1/6/1955,cduesburyhk@mozilla.org,M
634,Gaven,K,Weatherill,10/13/1993,gweatherillhl@feedburner.com,F
635,Justin,A,Catley,6/27/1968,jcatleyhm@uiuc.edu,M
636,Tommie,N,McCluin,8/1/1974,tmccluinhn@themeforest.net,F
637,Evan,L,Domenichelli,4/4/1983,edomenichelliho@discovery.com,F
638,Wait,K,McMoyer,6/25/1954,wmcmoyerhp@slashdot.org,F
639,Syman,P,Vauls,7/25/1965,svaulshq@ucla.edu,M
640,Marietta,Y,Fattorini,5/1/1979,mfattorinihr@furl.net,M
641,Kimbell,I,Fernan,3/17/1952,kfernanhs@github.com,M
642,Bartram,V,Streight,8/16/1984,bstreightht@webnode.com,F
643,Wells,O,Kerins,2/5/1994,wkerinshu@bloomberg.com,M
644,Bern,K,Pepall,10/14/1953,bpepallhv@comcast.net,M
645,Alvy,T,Jerrold,2/4/1945,ajerroldhw@mashable.com,F
646,Ulric,S,Mulran,7/27/1979,umulranhx@newyorker.com,F
647,Reggis,I,Jain,12/5/1953,rjainhy@pbs.org,F
648,Morse,U,Stripling,4/6/1955,mstriplinghz@is.gd,M
649,Korey,Q,Izkovitz,5/24/1992,kizkovitzi0@delicious.com,F
650,Donovan,I,Mixon,4/7/1979,dmixoni1@microsoft.com,F
651,Jesse,P,McTrusty,12/7/1974,jmctrustyi2@bing.com,M
652,Putnam,N,Erdely,9/18/1962,perdelyi3@scientificamerican.com,F
653,Alvie,A,Hirthe,5/10/1961,ahirthei4@oracle.com,M
654,Griffy,X,Barsby,4/8/1960,gbarsbyi5@weebly.com,M
655,Thorny,Z,Dorricott,5/17/1983,tdorricotti6@cisco.com,F
656,Isak,T,Moffatt,10/31/1947,imoffatti7@opera.com,M
657,Dionysus,B,Dealtry,9/3/1984,ddealtryi8@hugedomains.com,M
658,Jean,Y,Broxis,8/27/1959,jbroxisi9@ifeng.com,M
659,Giff,Z,Burlay,12/31/1952,gburlayia@sphinn.com,M
660,Booth,J,Wimsett,6/18/1960,bwimsettib@craigslist.org,M
661,Herby,O,Engel,8/10/1975,hengelic@vimeo.com,F
662,Nikita,N,Dudderidge,2/25/1972,ndudderidgeid@infoseek.co.jp,F
663,Read,J,Dwelly,8/29/1957,rdwellyie@pcworld.com,F
664,Esra,E,Edy,12/22/1996,eedyif@phpbb.com,M
665,Rubin,V,Oldroyde,11/24/1984,roldroydeig@360.cn,F
666,Hastie,V,Zelner,7/21/1974,hzelnerih@weibo.com,M
667,Godard,O,Dolley,5/7/1985,gdolleyii@craigslist.org,F
668,Jozef,B,Skeech,1/20/1992,jskeechij@hexun.com,F
669,Farlee,T,Iles,2/6/1969,filesik@apache.org,M
670,Yuma,M,Carrabott,6/4/1949,ycarrabottil@last.fm,F
671,Stanleigh,W,Barnbrook,8/18/1965,sbarnbrookim@hc360.com,F
672,Derril,S,Marioneau,10/24/1973,dmarioneauin@jugem.jp,F
673,Cris,D,McGrane,2/1/1954,cmcgraneio@networksolutions.com,M
674,Papageno,P,Christensen,1/7/1940,pchristensenip@prnewswire.com,M
675,Hersch,K,Druett,9/22/1961,hdruettiq@theatlantic.com,F
676,Granthem,D,Lidstone,2/3/1976,glidstoneir@bloglines.com,M
677,Jeffry,M,Sille,12/20/1959,jsilleis@sina.com.cn,M
678,Garwood,H,Dannatt,10/12/1947,gdannattit@ucsd.edu,F
679,Scott,J,Hedgeman,2/26/1940,shedgemaniu@seesaa.net,M
680,Farly,G,Whistlecraft,4/21/1968,fwhistlecraftiv@cloudflare.com,M
681,Farleigh,Y,Laity,12/8/1968,flaityiw@prnewswire.com,F
682,Gaultiero,I,Castellan,11/24/1943,gcastellanix@house.gov,F
683,Quill,C,Dwyer,3/31/1947,qdwyeriy@state.gov,F
684,Guthrie,F,Staneland,9/3/1968,gstanelandiz@mozilla.org,M
685,Brnaby,Q,Nanson,7/21/1974,bnansonj0@360.cn,M
686,Ned,R,Schwandermann,6/20/1957,nschwandermannj1@wordpress.org,F
687,Clive,C,Sugden,9/14/1965,csugdenj2@apache.org,F
688,Jeramey,V,Alesio,12/27/1994,jalesioj3@dailymotion.com,F
689,Shelley,S,Oates,7/30/1948,soatesj4@webmd.com,F
690,Fidelio,Q,Linnard,10/12/1960,flinnardj5@pinterest.com,F
691,Porty,J,Spaduzza,5/9/1958,pspaduzzaj6@posterous.com,M
692,Giffie,E,de Courcey,8/16/1982,gdecourceyj7@house.gov,M
693,Granthem,A,Gilman,1/23/1986,ggilmanj8@europa.eu,M
694,Gustavus,W,Swaffield,1/26/1960,gswaffieldj9@lulu.com,M
695,Fernando,F,Lappin,3/15/1993,flappinja@sphinn.com,M
696,Dalt,G,Boydell,12/30/1968,dboydelljb@ifeng.com,M
697,Andrus,H,Boyer,1/4/1996,aboyerjc@barnesandnoble.com,M
698,Noach,W,Koubek,1/30/1937,nkoubekjd@gmpg.org,M
699,Dmitri,K,Creamer,9/27/1986,dcreamerje@sina.com.cn,M
700,Pernell,Y,Prene,3/9/1938,pprenejf@reuters.com,M
701,Pepe,V,Hasluck,10/29/1996,phasluckjg@qq.com,F
702,Andras,S,Archell,2/14/1988,aarchelljh@washingtonpost.com,M
703,Land,F,Coggill,2/23/1985,lcoggillji@weibo.com,M
704,Rice,N,Borlease,3/27/1949,rborleasejj@google.de,M
705,Parsifal,N,Gyse,7/14/1994,pgysejk@is.gd,M
706,Pavlov,D,Whithalgh,3/4/1997,pwhithalghjl@prlog.org,F
707,Gabi,E,Questier,8/4/1970,gquestierjm@arstechnica.com,M
708,Morley,Y,Peye,5/4/1949,mpeyejn@mit.edu,F
709,Dal,N,Jakov,6/14/1963,djakovjo@springer.com,F
710,Baillie,T,Kittoe,4/22/1935,bkittoejp@theglobeandmail.com,M
711,Kinsley,Y,Gethins,7/29/1963,kgethinsjq@constantcontact.com,F
712,Alphonso,E,Ferry,10/19/1964,aferryjr@skyrock.com,F
713,Zacharia,R,Simic,11/23/1972,zsimicjs@artisteer.com,F
714,Yancey,F,Reckus,12/21/1977,yreckusjt@sbwire.com,M
715,Conant,Q,Cabell,7/7/1984,ccabellju@forbes.com,M
716,Pren,P,Beckinsale,12/21/1955,pbeckinsalejv@google.pl,M
717,Curcio,Z,Christophle,8/20/1973,cchristophlejw@gizmodo.com,M
718,Abramo,L,Porcas,3/6/1935,aporcasjx@bbc.co.uk,F
719,Konrad,X,Aleksic,6/17/1955,kaleksicjy@imageshack.us,M
720,Hewie,K,Genthner,3/27/1974,hgenthnerjz@ucla.edu,M
721,Decca,S,Hessenthaler,7/7/1976,dhessenthalerk0@angelfire.com,F
722,Robert,A,Gaymar,7/5/1957,rgaymark1@cbsnews.com,F
723,Diarmid,M,Pentecost,10/18/1958,dpentecostk2@state.tx.us,M
724,Benjie,I,Fenney,7/12/1964,bfenneyk3@t-online.de,M
725,Matthiew,K,Realph,3/18/1988,mrealphk4@auda.org.au,F
726,Uriel,L,McCole,9/29/1979,umccolek5@instagram.com,F
727,Ingrim,A,Burniston,2/25/1986,iburnistonk6@bloglines.com,M
728,Arlen,Y,Revell,4/12/1965,arevellk7@is.gd,F
729,Court,I,Silcock,11/16/1952,csilcockk8@tmall.com,F
730,Bruce,U,Fronczak,11/5/1946,bfronczakk9@microsoft.com,F
731,Lou,P,Eakens,5/10/1974,leakenska@whitehouse.gov,F
732,Archibold,C,Richard,8/27/1980,arichardkb@fc2.com,F
733,Shelby,H,Jiri,6/22/1962,sjirikc@fastcompany.com,M
734,Reidar,N,Goodlatt,4/8/1946,rgoodlattkd@theatlantic.com,M
735,Connie,N,Kipping,6/29/1941,ckippingke@printfriendly.com,M
736,Mason,K,Roast,5/31/1974,mroastkf@fc2.com,F
737,Whit,G,Kahler,3/6/1965,wkahlerkg@artisteer.com,M
738,Charlie,P,Commins,8/28/1953,ccomminskh@ow.ly,M
739,Witty,B,Napolione,7/24/1971,wnapolioneki@reddit.com,M
740,Franz,C,MacLeod,2/19/1943,fmacleodkj@parallels.com,M
741,Rutger,R,Blundin,10/12/1979,rblundinkk@eventbrite.com,F
742,Gonzales,Z,Casarino,7/26/1972,gcasarinokl@ovh.net,F
743,Lenard,S,Hazle,3/10/1982,lhazlekm@typepad.com,M
744,Andonis,O,McHugh,12/25/1970,amchughkn@goodreads.com,F
745,Jecho,K,Heinsh,7/9/1959,jheinshko@shinystat.com,M
746,Cort,Q,Geaney,12/15/1996,cgeaneykp@constantcontact.com,F
747,Berky,H,Lawful,4/10/1977,blawfulkq@google.com,M
748,Meade,M,Lelievre,5/3/1958,mlelievrekr@youku.com,M
749,Jameson,J,Grabiec,2/5/1991,jgrabiecks@github.com,M
750,Hakeem,K,Tumioto,5/24/1989,htumiotokt@google.com,F
751,Nathaniel,C,Jeffes,1/8/1984,njeffesku@merriam-webster.com,F
752,Clive,T,Elmer,4/3/1983,celmerkv@digg.com,M
753,Chico,R,Rishbrook,4/28/1998,crishbrookkw@bluehost.com,M
754,Jameson,Q,McLise,5/22/1979,jmclisekx@sitemeter.com,F
755,Benedetto,C,Guillou,8/11/1978,bguillouky@fda.gov,F
756,Bengt,N,Alton,10/11/1943,baltonkz@flickr.com,F
757,David,Z,Arthur,9/23/1942,darthurl0@loc.gov,M
758,Isacco,X,Frangione,12/25/1987,ifrangionel1@walmart.com,F
759,Malvin,N,Pont,9/12/1937,mpontl2@tuttocitta.it,F
760,Rafaellle,B,Aldin,2/27/1970,raldinl3@chronoengine.com,F
761,Jacques,J,Earney,3/6/1942,jearneyl4@unblog.fr,M
762,Webster,G,Whitehurst,6/8/1940,wwhitehurstl5@zimbio.com,F
763,Merv,M,Covelle,6/29/1956,mcovellel6@shinystat.com,M
764,Frederick,M,Duffie,4/2/1991,fduffiel7@goo.gl,M
765,Brendis,O,Jancey,11/11/1952,bjanceyl8@taobao.com,F
766,Nikolaos,Q,Harron,6/19/1962,nharronl9@pcworld.com,F
767,Benjamen,M,Tyght,1/5/1945,btyghtla@google.ru,M
768,Hale,N,Headly,10/12/1975,hheadlylb@shop-pro.jp,M
769,Denys,I,Flintoft,3/22/1980,dflintoftlc@ted.com,F
770,Chet,Q,Blakeden,9/13/1994,cblakedenld@joomla.org,M
771,Smith,N,Swinburne,7/19/1948,sswinburnele@china.com.cn,F
772,Darcy,R,Ivanikov,3/23/1996,divanikovlf@technorati.com,F
773,Rainer,Z,Dilloway,3/22/1980,rdillowaylg@google.co.jp,F
774,Yank,F,Wermerling,7/3/1989,ywermerlinglh@thetimes.co.uk,M
775,Adam,N,Marjot,12/29/1960,amarjotli@people.com.cn,F
776,Ripley,J,Allinson,12/6/1945,rallinsonlj@bbb.org,F
777,Tedman,J,Thomasson,3/7/1955,tthomassonlk@ebay.com,F
778,Bord,E,Letrange,11/24/1948,bletrangell@ibm.com,F
779,Massimo,Q,Dowdle,4/4/1940,mdowdlelm@webs.com,M
780,Vincenz,D,Kwietek,11/30/1976,vkwietekln@acquirethisname.com,M
781,Georgy,R,Hamshere,10/22/1996,ghamsherelo@rambler.ru,M
782,Aharon,Q,Shinfield,12/14/1975,ashinfieldlp@opensource.org,M
783,Zed,D,Basketfield,6/19/1974,zbasketfieldlq@sohu.com,M
784,Berky,M,Corah,4/25/1992,bcorahlr@tripadvisor.com,F
785,Vince,Y,Torbard,2/17/1978,vtorbardls@businessinsider.com,M
786,Garth,O,Gookes,6/10/1960,ggookeslt@tamu.edu,M
787,Egan,T,Ladewig,10/18/1963,eladewiglu@bing.com,M
788,Kain,D,Stonebridge,7/19/1937,kstonebridgelv@sciencedirect.com,M
789,Tris,E,Carneck,1/18/1968,tcarnecklw@gmpg.org,F
790,Weston,J,Nutbrown,11/7/1954,wnutbrownlx@tinypic.com,M
791,Prince,K,Sallinger,8/31/1967,psallingerly@google.co.uk,M
792,Verney,D,Rue,11/25/1987,vruelz@list-manage.com,F
793,Griffin,C,Cronshaw,6/8/1968,gcronshawm0@ihg.com,M
794,Giacomo,O,Follen,2/23/1935,gfollenm1@issuu.com,F
795,Ignace,R,Lumbly,8/25/1986,ilumblym2@sitemeter.com,F
796,Far,O,Dunbobin,10/3/1963,fdunbobinm3@livejournal.com,M
797,Garrick,Y,Furniss,11/4/1998,gfurnissm4@mapy.cz,F
798,Giselbert,U,Docherty,1/25/1996,gdochertym5@hc360.com,F
799,Torr,X,Camis,12/6/1957,tcamism6@comsenz.com,M
800,Dominic,T,McCawley,11/5/1995,dmccawleym7@ft.com,F
801,Xavier,R,Bittlestone,6/15/1946,xbittlestonem8@ihg.com,F
802,Patty,N,Rucklesse,3/11/1952,prucklessem9@abc.net.au,M
803,Verge,A,Vannuccinii,2/9/1969,vvannucciniima@alexa.com,F
804,Merv,W,Stare,10/15/1935,mstaremb@ca.gov,F
805,Lemmy,T,Bednall,1/22/1970,lbednallmc@globo.com,F
806,Rolando,O,Phinnessy,8/18/1969,rphinnessymd@bandcamp.com,M
807,Lennie,O,Waszkiewicz,2/6/1942,lwaszkiewiczme@businessweek.com,F
808,Hakim,K,Manton,5/15/1975,hmantonmf@webs.com,F
809,Boycey,R,Casone,1/19/1970,bcasonemg@usda.gov,F
810,Fritz,P,Guiden,8/16/1977,fguidenmh@about.com,F
811,Nickolas,K,Irwin,2/20/1941,nirwinmi@adobe.com,M
812,Bil,J,Leeburne,9/8/1976,bleeburnemj@google.de,F
813,Chris,W,Oakman,7/8/1984,coakmanmk@baidu.com,M
814,Claire,P,Gander,1/16/1997,cganderml@alibaba.com,M
815,Tremaine,W,Gorbell,1/5/1942,tgorbellmm@indiatimes.com,M
816,Angelico,N,Drinkel,6/5/1942,adrinkelmn@toplist.cz,F
817,Morse,N,Gilfoyle,8/23/1985,mgilfoylemo@tuttocitta.it,F
818,Jone,G,Maslin,9/10/1986,jmaslinmp@twitpic.com,F
819,Tirrell,W,Sillars,7/15/1955,tsillarsmq@msu.edu,M
820,Gery,C,Castiblanco,7/11/1935,gcastiblancomr@mac.com,F
821,Micky,H,Jedrzejewski,10/23/1987,mjedrzejewskims@deliciousdays.com,M
822,Aldon,M,Tuxell,7/28/1950,atuxellmt@reddit.com,F
823,Erroll,A,Cafferky,7/28/1987,ecafferkymu@ca.gov,M
824,Jarrett,H,Gonnin,11/3/1986,jgonninmv@unicef.org,F
825,Felicio,C,Bailess,2/6/1935,fbailessmw@g.co,M
826,Barrie,G,Eacott,4/9/1975,beacottmx@facebook.com,M
827,Morgen,D,Arons,12/28/1995,maronsmy@vk.com,F
828,Alejoa,U,Niemetz,11/9/1951,aniemetzmz@ihg.com,M
829,Richard,C,Beaufoy,12/19/1974,rbeaufoyn0@hubpages.com,M
830,Adan,N,Slocom,2/5/1973,aslocomn1@imageshack.us,F
831,Gabi,I,Love,5/6/1969,gloven2@yolasite.com,M
832,Patin,U,Callan,5/8/1992,pcallann3@godaddy.com,M
833,Marcelo,Y,Chrishop,10/25/1969,mchrishopn4@chron.com,F
834,Tomas,B,Stanbrooke,4/6/1964,tstanbrooken5@toplist.cz,M
835,Toddy,E,Wildman,1/16/1976,twildmann6@boston.com,F
836,Jarad,W,Vankov,6/26/1955,jvankovn7@spiegel.de,M
837,Alvy,Y,Rivelin,9/9/1947,arivelinn8@dailymotion.com,M
838,Alexander,M,Cruikshanks,10/19/1952,acruikshanksn9@cam.ac.uk,M
839,Paten,N,Panter,11/4/1970,ppanterna@google.ru,M
840,Donavon,Y,Elcoat,11/27/1973,delcoatnb@netvibes.com,F
841,Brendan,Q,Jenicek,2/5/1936,bjeniceknc@gizmodo.com,F
842,Hagen,A,Parsisson,1/8/1965,hparsissonnd@people.com.cn,F
843,Den,I,Drewes,11/5/1948,ddrewesne@tuttocitta.it,F
844,Gerardo,L,Vassie,5/24/1972,gvassienf@narod.ru,F
845,Reuben,Y,Fass,10/12/1943,rfassng@berkeley.edu,M
846,Kenon,L,Buffy,10/12/1943,kbuffynh@go.com,M
847,Parker,Q,Catterill,4/13/1936,pcatterillni@marketwatch.com,F
848,Randy,N,Slite,2/18/1959,rslitenj@rakuten.co.jp,M
849,Page,B,Korbmaker,1/5/1970,pkorbmakernk@godaddy.com,M
850,Gaylord,X,Rosbotham,5/8/1980,grosbothamnl@liveinternet.ru,F
851,Uriah,E,Waumsley,7/5/1947,uwaumsleynm@dyndns.org,F
852,Templeton,D,Kaines,7/28/1946,tkainesnn@simplemachines.org,F
853,Baldwin,B,Dochon,6/16/1994,bdochonno@globo.com,F
854,Myles,H,Styche,2/8/1959,mstychenp@ameblo.jp,M
855,Tomaso,E,Wetwood,2/15/1963,twetwoodnq@microsoft.com,F
856,Royall,C,Castellan,6/17/1981,rcastellannr@icio.us,M
857,Dallon,O,Pybworth,3/22/1984,dpybworthns@deliciousdays.com,M
858,Consalve,Z,Robert,10/17/1975,crobertnt@buzzfeed.com,M
859,Artemas,E,Fatscher,8/22/1986,afatschernu@un.org,F
860,Dietrich,X,Pemberton,2/5/1978,dpembertonnv@youku.com,M
861,Reese,F,Milton-White,11/28/1946,rmiltonwhitenw@tripadvisor.com,F
862,Christoph,U,Stanlike,10/16/1973,cstanlikenx@seesaa.net,F
863,Grace,F,Castano,4/7/1985,gcastanony@mit.edu,M
864,Matt,X,Wallbutton,6/16/1977,mwallbuttonnz@mysql.com,F
865,Lonny,L,Summerson,10/14/1964,lsummersono0@soup.io,M
866,Far,E,Duckering,2/12/1950,fduckeringo1@bloglovin.com,M
867,Raff,G,Mardell,3/27/1984,rmardello2@geocities.jp,F
868,Briano,Q,Ickowics,12/27/1938,bickowicso3@army.mil,M
869,Stu,R,Langmaid,6/9/1937,slangmaido4@latimes.com,M
870,Thaxter,A,Shutt,12/25/1961,tshutto5@businesswire.com,M
871,Beauregard,F,Ffoulkes,7/21/1982,bffoulkeso6@huffingtonpost.com,F
872,Tobias,H,Winwood,12/10/1950,twinwoodo7@abc.net.au,M
873,Anders,X,Trim,9/15/1945,atrimo8@archive.org,F
874,Andrea,Q,Hubbock,4/17/1986,ahubbocko9@auda.org.au,M
875,Christoffer,C,Carvilla,11/25/1982,ccarvillaoa@miitbeian.gov.cn,M
876,Barrett,X,Kaley,4/30/1957,bkaleyob@globo.com,M
877,Bale,S,Espadater,11/14/1970,bespadateroc@fastcompany.com,F
878,Shelley,W,Veelers,11/26/1983,sveelersod@china.com.cn,F
879,Hurleigh,E,Branford,10/10/1962,hbranfordoe@merriam-webster.com,M
880,Erin,K,Lyosik,11/24/1990,elyosikof@creativecommons.org,M
881,Frederik,X,Sonner,4/3/1976,fsonnerog@accuweather.com,M
882,Gerard,M,De la Yglesias,2/18/1988,gdelayglesiasoh@w3.org,M
883,Duffie,Z,Eborn,6/26/1994,debornoi@mapquest.com,M
884,Randolf,Y,Hiom,5/17/1982,rhiomoj@rakuten.co.jp,F
885,Neall,F,Bontein,3/1/1996,nbonteinok@artisteer.com,F
886,Gery,L,McMennum,12/27/1943,gmcmennumol@telegraph.co.uk,M
887,Wallie,I,McCrum,6/20/1974,wmccrumom@abc.net.au,F
888,Karlik,U,Sandom,8/17/1939,ksandomon@nbcnews.com,M
889,Quentin,U,Tadd,12/27/1987,qtaddoo@shop-pro.jp,F
890,Broddie,O,Liebermann,9/1/1955,bliebermannop@nifty.com,M
891,Giacobo,V,Coare,7/26/1980,gcoareoq@stumbleupon.com,M
892,Fairleigh,J,Hallaways,11/18/1939,fhallawaysor@chronoengine.com,M
893,John,X,Helmke,3/12/1998,jhelmkeos@blogspot.com,M
894,Jerrome,R,Moine,6/15/1975,jmoineot@addtoany.com,M
895,Guillermo,K,Adamovsky,1/15/1956,gadamovskyou@ox.ac.uk,F
896,Nicko,P,Frantzen,3/21/1995,nfrantzenov@abc.net.au,M
897,Fonzie,F,Yacobsohn,4/13/1940,fyacobsohnow@gov.uk,M
898,Tobias,U,Manketell,11/17/1960,tmanketellox@ucsd.edu,M
899,Cecil,W,Bubbins,11/2/1995,cbubbinsoy@redcross.org,M
900,Carlyle,S,Kramer,9/27/1937,ckrameroz@usnews.com,F
901,Gibb,O,Latimer,8/29/1983,glatimerp0@etsy.com,M
902,Brendan,X,Peizer,9/19/1980,bpeizerp1@wikispaces.com,M
903,Hilliard,A,Screas,4/9/1997,hscreasp2@privacy.gov.au,M
904,Dalt,R,Dowsey,6/17/1982,ddowseyp3@nationalgeographic.com,F
905,Sandor,C,Werrilow,10/19/1956,swerrilowp4@desdev.cn,F
906,Ignazio,M,Edwinson,12/26/1973,iedwinsonp5@apache.org,F
907,Kerby,O,Humphris,3/20/1978,khumphrisp6@patch.com,M
908,Sinclair,E,Lanchbury,6/21/1946,slanchburyp7@nationalgeographic.com,M
909,Algernon,Z,Carriage,9/1/1976,acarriagep8@wp.com,M
910,Stanfield,R,Giraldo,11/22/1996,sgiraldop9@java.com,F
911,Kele,C,Gegg,3/11/1981,kgeggpa@amazon.co.jp,F
912,Janos,L,Jarrette,9/7/1942,jjarrettepb@seattletimes.com,M
913,Ernest,N,Blasi,10/11/1940,eblasipc@discovery.com,F
914,Scot,I,Wildsmith,5/18/1972,swildsmithpd@nytimes.com,M
915,Muhammad,O,Sonley,2/18/1945,msonleype@tinypic.com,F
916,Udale,S,Rickis,5/3/1978,urickispf@mayoclinic.com,M
917,Gallard,I,Van der Hoven,5/21/1937,gvanderhovenpg@odnoklassniki.ru,M
918,Stanley,H,Sames,10/12/1998,ssamesph@macromedia.com,M
919,Bogart,B,Fellini,8/18/1981,bfellinipi@disqus.com,F
920,Ringo,N,Koppes,12/3/1962,rkoppespj@sbwire.com,F
921,Homere,C,Bengochea,8/17/1935,hbengocheapk@hibu.com,M
922,Killie,W,Keenlayside,8/11/1952,kkeenlaysidepl@godaddy.com,F
923,Vick,Y,Collaton,8/21/1967,vcollatonpm@shop-pro.jp,F
924,Rourke,S,Sherrott,10/25/1967,rsherrottpn@psu.edu,F
925,Parry,M,MacRierie,12/18/1996,pmacrieriepo@seattletimes.com,F
926,Elston,M,Hourstan,6/14/1982,ehourstanpp@oakley.com,M
927,Leroi,Y,McAlpin,10/7/1994,lmcalpinpq@yellowpages.com,M
928,Wait,P,Sooper,11/15/1947,wsooperpr@pagesperso-orange.fr,M
929,Giusto,X,Fencott,2/17/1998,gfencottps@people.com.cn,F
930,Garold,R,McCromley,5/30/1944,gmccromleypt@independent.co.uk,M
931,Windham,P,Blair,2/12/1959,wblairpu@flickr.com,F
932,Jordan,J,Kerswell,3/25/1982,jkerswellpv@statcounter.com,M
933,Riccardo,O,Rubertelli,6/8/1993,rrubertellipw@themeforest.net,M
934,Valle,C,Kivelhan,12/23/1977,vkivelhanpx@godaddy.com,F
935,Harlan,H,Symington,10/27/1969,hsymingtonpy@omniture.com,M
936,Bancroft,N,Upson,4/3/1981,bupsonpz@google.co.jp,M
937,Thorn,H,Mc Meekin,11/14/1942,tmcmeekinq0@imgur.com,F
938,Rodolphe,D,Covely,12/9/1959,rcovelyq1@is.gd,M
939,Devland,V,Kurdani,7/29/1938,dkurdaniq2@whitehouse.gov,M
940,Frederico,E,Float,3/2/1935,ffloatq3@blogtalkradio.com,M
941,Woodie,R,Antoons,6/27/1982,wantoonsq4@redcross.org,F
942,Isadore,J,Chown,5/14/1962,ichownq5@ehow.com,M
943,Giacobo,H,Haile,8/23/1970,ghaileq6@google.pl,F
944,Dory,Y,Bartolic,6/9/1949,dbartolicq7@wired.com,F
945,Rad,H,Mibourne,12/11/1996,rmibourneq8@latimes.com,M
946,Broderick,Q,Rudsdale,1/16/1939,brudsdaleq9@abc.net.au,M
947,Orion,H,Dufaire,7/24/1946,odufaireqa@rambler.ru,M
948,Renaud,S,McIlhagga,9/1/1946,rmcilhaggaqb@acquirethisname.com,M
949,Sherwin,Y,Munby,9/21/1991,smunbyqc@altervista.org,M
950,Nahum,Q,Yarnley,11/18/1996,nyarnleyqd@twitpic.com,M
951,Germain,G,Vedeshkin,9/22/1991,gvedeshkinqe@scribd.com,M
952,Zachery,G,Beardon,8/17/1952,zbeardonqf@ehow.com,M
953,Rodney,J,Reyner,7/7/1965,rreynerqg@blogs.com,F
954,Rodrick,X,Jobe,9/14/1991,rjobeqh@smh.com.au,M
955,Harald,V,Dahlgren,5/8/1963,hdahlgrenqi@state.gov,F
956,Jamil,U,Leathes,3/11/1976,jleathesqj@seattletimes.com,M
957,Val,P,Rolland,6/1/1967,vrollandqk@lulu.com,F
958,Buddy,L,Crowley,2/25/1937,bcrowleyql@google.es,M
959,Aloysius,L,Van Saltsberg,4/14/1965,avansaltsbergqm@ezinearticles.com,F
960,Duke,B,Newbury,12/2/1937,dnewburyqn@free.fr,F
961,Corrie,A,Dick,6/26/1942,cdickqo@mozilla.org,F
962,Aharon,U,Hassey,7/31/1998,ahasseyqp@goo.ne.jp,M
963,Raddie,O,Gauche,7/21/1994,rgaucheqq@aboutads.info,F
964,Hubert,K,Moorhead,9/21/1951,hmoorheadqr@dagondesign.com,F
965,Baudoin,B,Luigi,3/15/1944,bluigiqs@rediff.com,M
966,Kalvin,T,Meharry,6/20/1975,kmeharryqt@seesaa.net,M
967,Caddric,M,Meddick,9/27/1936,cmeddickqu@liveinternet.ru,F
968,Rockwell,W,Hadden,2/9/1967,rhaddenqv@icq.com,F
969,Clare,L,Culligan,10/4/1997,cculliganqw@miibeian.gov.cn,F
970,Tucky,T,Roderham,2/13/1952,troderhamqx@slashdot.org,M
971,Hilly,Q,Blinco,5/3/1966,hblincoqy@altervista.org,F
972,Orin,C,Blaes,8/14/1975,oblaesqz@nydailynews.com,M
973,Theo,T,Di Maria,2/15/1993,tdimariar0@taobao.com,F
974,Warren,L,Caulder,6/19/1971,wcaulderr1@163.com,M
975,Vinnie,G,Mohamed,2/7/1983,vmohamedr2@java.com,F
976,Abel,Q,McJarrow,10/25/1970,amcjarrowr3@list-manage.com,M
977,Ephrem,G,Shippam,9/4/1954,eshippamr4@unc.edu,F
978,Teodorico,T,Borless,12/20/1952,tborlessr5@jimdo.com,F
979,Hayward,S,Kimbury,9/28/1993,hkimburyr6@t-online.de,M
980,Fernando,A,D'Agostino,6/21/1997,fdagostinor7@redcross.org,M
981,Carly,W,Whistan,4/25/1952,cwhistanr8@wordpress.org,M
982,Goober,A,Wysome,8/30/1940,gwysomer9@ftc.gov,F
983,Dom,A,Sundin,12/30/1962,dsundinra@goodreads.com,F
984,Urbano,M,Titherington,9/2/1948,utitheringtonrb@pinterest.com,F
985,Nevil,E,Flanne,8/1/1940,nflannerc@geocities.com,F
986,Cazzie,U,Kopmann,9/16/1963,ckopmannrd@yolasite.com,F
987,Godfree,K,Greschke,1/7/1971,ggreschkere@hibu.com,M
988,Lanny,X,Blanpein,3/1/1984,lblanpeinrf@japanpost.jp,M
989,Derick,I,Libbie,11/11/1971,dlibbierg@telegraph.co.uk,F
990,Gerik,O,Lehrle,5/9/1978,glehrlerh@pen.io,F
991,Gerik,B,Patters,5/30/1987,gpattersri@springer.com,F
992,Ellis,H,Gasken,10/19/1961,egaskenrj@networksolutions.com,F
993,Massimiliano,P,Malster,11/22/1964,mmalsterrk@networkadvertising.org,F
994,Marco,F,Roust,1/9/1972,mroustrl@google.ru,F
995,Kev,A,Jobern,1/10/1997,kjobernrm@msn.com,F
996,Sutton,F,Shury,10/23/1964,sshuryrn@vk.com,F
997,Tristan,H,Surcombe,5/25/1943,tsurcombero@nsw.gov.au,M
998,Clywd,S,Speddin,9/28/1989,cspeddinrp@buzzfeed.com,M
999,Billy,T,Cuskery,3/23/1952,bcuskeryrq@army.mil,M
1000,Ruy,T,Jessop,4/8/1972,rjessoprr@statcounter.com,M
